<?xml version="1.0"?>
<!DOCTYPE attd SYSTEM "Slots.dtd">
<slotslist>
    <slots>
        <Slotno>1</Slotno>
        <ClassID>c11</ClassID>
        <StartTime>1533985200</StartTime>
        <EndTime>1533989200</EndTime>
    </slots>
    <slots>
        <Slotno>2</Slotno>
        <ClassID>c12</ClassID>
        <StartTime>1534985200</StartTime>
        <EndTime>1534989200</EndTime>
    </slots>
    <slots>
        <Slotno>2</Slotno>
        <ClassID>c11</ClassID>
        <StartTime>1643985200</StartTime>
        <EndTime>1643988200</EndTime>
    </slots>
    <slots>
        <Slotno>3</Slotno>
        <ClassID>c13</ClassID>
        <StartTime>1544985200</StartTime>
        <EndTime>1544989200</EndTime>
    </slots>
    <slots>
        <Slotno>1</Slotno>
        <ClassID>c11</ClassID>
        <StartTime>1533995200</StartTime>
        <EndTime>1533999200</EndTime>
    </slots>
</slotslist>
