<?xml version="1.0"?>
<!DOCTYPE attd SYSTEM "students.dtd">
<studentslist>
    <students>
        <SID>1</SID>
        <ClassID>c11</ClassID>
    </slots>
    <slots>
        <SID>2</SID>
        <ClassID>c12</ClassID>
    </slots>
    <slots>
        <SID>2</SID>
        <ClassID>c11</ClassID>
    </slots>
    <slots>
        <SID>3</SID>
        <ClassID>c13</ClassID>
    </slots>
    <slots>
        <SID>1</SID>
        <ClassID>c11</ClassID>
    </slots>
  </slotslist>
