<?xml version="1.0"?>
<!DOCTYPE attd SYSTEM "attendance.dtd">
<attendancelist>
    
	<attendance>
	<SlotNo> 1</SlotNo>
	<StudentId> UserName </StudentId>
	<AttendanceStatus>Present </AttendanceStatus>
	</attendance>
	
	<attendance>
	<SlotNo> 2</SlotNo>
	<StudentId> UserName </StudentId>
	<AttendanceStatus>Present </AttendanceStatus>
	</attendance>
	
	<attendance>
	<SlotNo> 3</SlotNo>
	<StudentId> UserName </StudentId>
	<AttendanceStatus>Absent </AttendanceStatus>
	</attendance>
	
	<attendance>
	<SlotNo> 4</SlotNo>
	<StudentId> UserName </StudentId>
	<AttendanceStatus>Absent </AttendanceStatus>
	</attendance>
	
	<attendance>
	<SlotNo> 5</SlotNo>
	<StudentId> UserName </StudentId>
	<AttendanceStatus>Present </AttendanceStatus>
	</attendance>

</attendancelist>
